"city","strain_year","year","subtype","reference_strain","epi_alarm","start","end","epi_counts","incidence_per_mil","epi_fractional_counts","new_ag_marker","first_detection_of_new_ag","first_n_biggest","relative_to_first_n_biggest","delay","prior_everything_scaled","mean_epi_size","mean_epi_ah","mean_epi_temp"
"ADELAIDE","2000_A/Moscow/10/99-like",2000,"H3","A/Moscow/10/99-like","Y",16,22,64,56.00642674,0.576576577,NA,NA,"Y",1,0,0,56.31193204,7.97953571788493,13.9030612244898
"ADELAIDE","2000_A/New Caledonia/20/99-like",2000,"H1sea","A/New Caledonia/20/99-like","Y",19,21,10,8.751004178,0.09009009,NA,NA,"N",0.15625,3,0.606068999,56.31193204,8.37503725117464,14.9071428571429
"ADELAIDE","2000_B/Sichuan/379/99-like",2000,"B/Yam","B/Sichuan/379/99-like","Y",16,21,37,32.37871546,0.333333333,NA,NA,"N",0.578125,0,0,56.31193204,7.91051511923742,13.4452380952381
"ADELAIDE","2001_A/Moscow/10/99-like",2001,"H3","A/Moscow/10/99-like","Y",17,20,25,21.77688967,0.284090909,0,0,"N",0.510204082,1,0.061875028,56.31193204,8.03032036470016,13.7875
"ADELAIDE","2001_A/New Caledonia/20/99-like",2001,"H1sea","A/New Caledonia/20/99-like","Y",16,21,49,42.68270375,0.556818182,0,0,"Y",1,0,0,56.31193204,7.77180141393857,13.5904761904762
"ADELAIDE","2001_B/Sichuan/379/99-like",2001,"B/Yam","B/Sichuan/379/99-like","Y",18,20,14,12.19505821,0.159090909,0,0,"N",0.285714286,2,0.262968867,56.31193204,8.25135647176363,14.1714285714286
"ADELAIDE","2002_A/Moscow/10/99-like",2002,"H3","A/Moscow/10/99-like","Y",11,19,148,128.1406361,0.860465116,0,0,"Y",1,0,0,56.31193204,7.21848456959919,12.104415954416
"ADELAIDE","2002_B/Hong Kong/330/2001-like",2002,"B/Vic","B/Hong Kong/330/2001-like","Y",11,15,24,20.77956261,0.139534884,1,1,"N",0.162162162,0,0,56.31193204,7.46322274070407,11.6004761904762
"ADELAIDE","2002_B/Sichuan/379/99-like",2002,"B/Yam","B/Sichuan/379/99-like","N",NA,NA,NA,NA,NA,0,0,"N",NA,NA,NA,56.31193204,NA,NA
"ADELAIDE","2003_A/Fujian/411/2002-like",2003,"H3","A/Fujian/411/2002-like","Y",16,20,151,129.920413,1,1,1,"Y",1,0,0,56.31193204,7.54074380954699,11.8853846153846
"ADELAIDE","2004_A/California/7/2004-like",2004,"H3","A/California/7/2004-like","Y",18,22,17,14.54805608,1,1,1,"Y",1,0,0,56.31193204,7.75879561129832,14.8657142857143
"ADELAIDE","2004_B/Florida/4/2006-like",2004,"B/Yam","B/Florida/4/2006-like","N",NA,NA,NA,NA,NA,0,1,"N",NA,NA,NA,56.31193204,NA,NA
"ADELAIDE","2004_B/Hong Kong/330/2001-like",2004,"B/Vic","B/Hong Kong/330/2001-like","N",NA,NA,NA,NA,NA,0,0,"N",NA,NA,NA,56.31193204,NA,NA
"ADELAIDE","2004_B/Shanghai/361/2002-like",2004,"B/Yam","B/Shanghai/361/2002-like","N",19,NA,NA,NA,NA,0,1,"N",NA,1,NA,56.31193204,NA,NA
"ADELAIDE","2005_A/New Caledonia/20/99-like",2005,"H1sea","A/New Caledonia/20/99-like","Y",14,19,49,41.61906663,0.270718232,0,0,"N",0.576470588,2,0.346915468,56.31193204,7.77777095856948,12.2107142857143
"ADELAIDE","2005_A/Wisconsin/67/2005-like",2005,"H3","A/Wisconsin/67/2005-like","Y",12,18,85,72.19634007,0.46961326,1,1,"Y",1,0,0,56.31193204,7.8004262361696,12.3938775510204
"ADELAIDE","2005_B/Hong Kong/330/2001-like",2005,"B/Vic","B/Hong Kong/330/2001-like","Y",13,16,8,6.794949654,0.044198895,0,0,"N",0.094117647,1,0.060333125,56.31193204,7.87807300722331,11.0571428571428
"ADELAIDE","2005_B/Malaysia/2506/2004-like",2005,"B/Vic","B/Malaysia/2506/2004-like","Y",17,19,12,10.19242448,0.066298343,1,1,"N",0.141176471,5,1.975909839,56.31193204,7.7633919587252,13.55
"ADELAIDE","2005_B/Shanghai/361/2002-like",2005,"B/Yam","B/Shanghai/361/2002-like","Y",13,17,27,22.93295508,0.149171271,1,0,"N",0.317647059,1,0.060333125,56.31193204,7.78289577125104,11.3928571428571
"ADELAIDE","2006_A/Wisconsin/67/2005-like",2006,"H3","A/Wisconsin/67/2005-like","N",NA,NA,NA,NA,NA,0,0,"N",NA,NA,NA,56.31193204,NA,NA
"ADELAIDE","2006_B/Malaysia/2506/2004-like",2006,"B/Vic","B/Malaysia/2506/2004-like","Y",13,15,25,21.02177604,1,0,0,"Y",1,0,0,56.31193204,6.96029195318518,10.8809523809524
"ADELAIDE","2007_A/Solomon Islands/3/2006-like",2007,"H1sea","A/Solomon Islands/3/2006-like","Y",14,20,91,75.56821485,0.270833333,1,1,"N",0.371428571,1,0.058987139,56.31193204,7.13765954213364,13.266169544741
"ADELAIDE","2007_A/Wisconsin/67/2005-like",2007,"H3","A/Wisconsin/67/2005-like","Y",13,20,245,203.4528861,0.729166667,0,0,"Y",1,0,0,56.31193204,7.16182261111172,12.8659340659341
"ADELAIDE","2007_B/Florida/4/2006-like",2007,"B/Yam","B/Florida/4/2006-like","N",NA,NA,NA,NA,NA,0,0,"N",NA,NA,NA,56.31193204,NA,NA
"ADELAIDE","2008_A/Brisbane/59/2007-like",2008,"H1sea","A/Brisbane/59/2007-like","N",NA,NA,NA,NA,NA,0,1,"N",NA,NA,NA,56.31193204,NA,NA
"ADELAIDE","2008_A/Wisconsin/67/2005-like",2008,"H3","A/Wisconsin/67/2005-like","Y",19,23,29,23.77978931,0.118367347,0,0,"N",0.194630872,3,0.771765652,56.31193204,7.14116101375599,17.0771428571429
"ADELAIDE","2008_B/Brisbane/60/2008-like",2008,"B/Vic","B/Brisbane/60/2008-like","Y",16,23,149,122.1789175,0.608163265,1,1,"Y",1,0,0,56.31193204,7.19383178298437,14.807967032967
"ADELAIDE","2008_B/Florida/4/2006-like",2008,"B/Yam","B/Florida/4/2006-like","Y",17,22,67,54.93951324,0.273469388,1,0,"N",0.44966443,1,0.07280808,56.31193204,7.0210455943828,14.6701465201465
"ADELAIDE","2008_B/Malaysia/2506/2004-like",2008,"B/Vic","B/Malaysia/2506/2004-like","N",NA,NA,NA,NA,NA,0,0,"N",NA,NA,NA,56.31193204,NA,NA
"ADELAIDE","2009_A/Brisbane/59/2007-like",2009,"H1sea","A/Brisbane/59/2007-like","Y",12,15,12,9.698113878,0.069364162,1,0,"N",0.074534161,0,0,56.31193204,8.00785459146328,12.1071428571429
"ADELAIDE","2009_A/California/7/2009-like",2009,"H1pdm09","A/California/7/2009-like","Y",12,16,161,130.1163612,0.930635838,NA,1,"Y",1,0,0,56.31193204,8.01500494865005,12.1942857142857
"ADELAIDE","2010_A/California/7/2009-like",2010,"H1pdm09","A/California/7/2009-like","Y",15,22,122,97.35878388,1,0,0,"Y",1,0,0,56.31193204,7.63915662130491,12.8544642857143
"ADELAIDE","2010_A/Perth/16/2009-like",2010,"H3","A/Perth/16/2009-like","N",NA,NA,NA,NA,NA,0,1,"N",NA,NA,NA,56.31193204,NA,NA
"ADELAIDE","2011_A/California/7/2009-like",2011,"H1pdm09","A/California/7/2009-like","Y",13,20,85,67.24199445,0.25147929,0,0,"N",0.431472081,2,0.365253664,56.31193204,7.62087282301999,13.0455357142857
"ADELAIDE","2011_A/Perth/16/2009-like",2011,"H3","A/Perth/16/2009-like","Y",14,25,56,44.3006081,0.165680473,1,0,"N",0.284263959,3,0.84289307,56.31193204,8.00778802393347,15.3863095238095
"ADELAIDE","2011_A/Victoria/361/2011-like",2011,"H3","A/Victoria/361/2011-like","N",NA,NA,NA,NA,NA,0,1,"N",NA,NA,NA,56.31193204,NA,NA
"ADELAIDE","2011_B/Brisbane/60/2008-like",2011,"B/Vic","B/Brisbane/60/2008-like","Y",11,20,197,155.8432107,0.582840237,0,0,"Y",1,0,0,56.31193204,7.66945435112974,12.8578571428571
"ADELAIDE","2011_B/Florida/4/2006-like",2011,"B/Yam","B/Florida/4/2006-like","N",NA,NA,NA,NA,NA,0,0,"N",NA,NA,NA,56.31193204,NA,NA
"ADELAIDE","2012_A/California/7/2009-like",2012,"H1pdm09","A/California/7/2009-like","N",NA,NA,NA,NA,NA,0,0,"N",NA,NA,NA,56.31193204,NA,NA
"ADELAIDE","2012_A/Perth/16/2009-like",2012,"H3","A/Perth/16/2009-like","N",NA,NA,NA,NA,NA,0,0,"N",NA,NA,NA,56.31193204,NA,NA
"ADELAIDE","2012_A/Victoria/361/2011-like",2012,"H3","A/Victoria/361/2011-like","Y",8,21,111,86.86499536,1,1,0,"Y",1,0,0,56.31193204,7.62515950526244,13.1831632653061
"ADELAIDE","2012_B/Brisbane/60/2008-like",2012,"B/Vic","B/Brisbane/60/2008-like","N",NA,NA,NA,NA,NA,0,0,"N",NA,NA,NA,56.31193204,NA,NA
"ADELAIDE","2012_B/Wisconsin/1/2010-like",2012,"B/Yam","B/Wisconsin/1/2010-like","N",NA,NA,NA,NA,NA,0,1,"N",NA,NA,NA,56.31193204,NA,NA
"ADELAIDE","2013_A/California/7/2009-like",2013,"H1pdm09","A/California/7/2009-like","Y",12,20,47,36.4380348,0.540229885,0,0,"Y",1,0,0,56.31193204,8.32967588504392,13.484126984127
"ADELAIDE","2013_A/Victoria/361/2011-like",2013,"H3","A/Victoria/361/2011-like","N",NA,NA,NA,NA,NA,0,0,"N",NA,NA,NA,56.31193204,NA,NA
"ADELAIDE","2013_B/Brisbane/60/2008-like",2013,"B/Vic","B/Brisbane/60/2008-like","N",NA,NA,NA,NA,NA,0,0,"N",NA,NA,NA,56.31193204,NA,NA
"ADELAIDE","2013_B/Massachusetts/2/2012-like",2013,"B/Yam","B/Massachusetts/2/2012-like","Y",16,21,40,31.01109344,0.459770115,1,1,"N",0.85106383,4,0.110140399,56.31193204,8.12357423888617,15.1642857142857
"ADELAIDE","2014_A/California/7/2009-like",2014,"H1pdm09","A/California/7/2009-like","Y",11,16,81,62.17960233,0.743119266,0,0,"Y",1,0,0,56.31193204,8.21050106469594,12.2892857142857
"ADELAIDE","2014_A/Victoria/361/2011-like",2014,"H3","A/Victoria/361/2011-like","Y",11,14,28,21.49418352,0.256880734,0,0,"N",0.345679012,0,0,56.31193204,8.69378903272532,13.2339285714286
"ADELAIDE","2014_B/Brisbane/60/2008-like",2014,"B/Vic","B/Brisbane/60/2008-like","N",NA,NA,NA,NA,NA,0,0,"N",NA,NA,NA,56.31193204,NA,NA
"ADELAIDE","2014_B/Massachusetts/2/2012-like",2014,"B/Yam","B/Massachusetts/2/2012-like","N",NA,NA,NA,NA,NA,0,0,"N",NA,NA,NA,56.31193204,NA,NA
"ADELAIDE","2015_A/California/7/2009-like",2015,"H1pdm09","A/California/7/2009-like","N",NA,NA,NA,NA,NA,0,0,"N",NA,NA,NA,56.31193204,NA,NA
"ADELAIDE","2015_A/Switzerland/9715293/2013-like",2015,"H3","A/Switzerland/9715293/2013-like","Y",14,22,59,44.88818657,0.421428571,1,1,"N",1.903225806,4,0.445854917,56.31193204,7.50364103308335,13.9452380952381
"ADELAIDE","2015_B/Brisbane/60/2008-like",2015,"B/Vic","B/Brisbane/60/2008-like","Y",12,23,50,38.04083608,0.357142857,0,0,"N",1.612903226,2,0.175639816,56.31193204,7.64121984725518,14.1279761904762
"ADELAIDE","2015_B/Massachusetts/2/2012-like",2015,"B/Yam","B/Massachusetts/2/2012-like","N",NA,NA,NA,NA,NA,0,0,"N",NA,NA,NA,56.31193204,NA,NA
"ADELAIDE","2015_B/Phuket/3073/2013-like",2015,"B/Yam","B/Phuket/3073/2013-like","Y",10,14,31,23.58531837,0.221428571,1,1,"Y",1,0,0,56.31193204,7.977248566953,12.2542857142857
"BRISBANE","2000_A/Moscow/10/99-like",2000,"H3","A/Moscow/10/99-like","Y",17,21,55,33.11930235,0.591397849,NA,NA,"Y",1,0,0,51.11186916,9.85905217155458,18.3971428571429
"BRISBANE","2000_A/New Caledonia/20/99-like",2000,"H1sea","A/New Caledonia/20/99-like","N",NA,NA,NA,NA,NA,NA,NA,"N",NA,NA,NA,51.11186916,NA,NA
"BRISBANE","2000_B/Sichuan/379/99-like",2000,"B/Yam","B/Sichuan/379/99-like","Y",17,21,38,22.88242708,0.408602151,NA,NA,"N",0.690909091,0,0,51.11186916,9.85905217155458,18.3971428571429
"BRISBANE","2001_A/Moscow/10/99-like",2001,"H3","A/Moscow/10/99-like","Y",15,19,16,9.447576579,0.102564103,0,0,"N",0.114285714,1,0.057762859,51.11186916,8.57089359509994,16.2242857142857
"BRISBANE","2001_A/New Caledonia/20/99-like",2001,"H1sea","A/New Caledonia/20/99-like","Y",14,19,140,82.66629506,0.897435897,1,0,"Y",1,0,0,51.11186916,8.51861139284496,15.8619047619048
"BRISBANE","2001_B/Sichuan/379/99-like",2001,"B/Yam","B/Sichuan/379/99-like","N",NA,NA,NA,NA,NA,0,0,"N",NA,NA,NA,51.11186916,NA,NA
"BRISBANE","2002_A/Moscow/10/99-like",2002,"H3","A/Moscow/10/99-like","Y",12,20,323,186.0888502,0.821882952,0,0,"N",4.614285714,1,0.033815617,51.11186916,9.14623807884974,16.029474969475
"BRISBANE","2002_B/Hong Kong/330/2001-like",2002,"B/Vic","B/Hong Kong/330/2001-like","Y",11,17,70,40.32885299,0.178117048,1,1,"Y",1,0,0,51.11186916,8.64728456520949,14.9516326530612
"BRISBANE","2003_A/Fujian/411/2002-like",2003,"H3","A/Fujian/411/2002-like","Y",14,21,326,183.0792126,1,1,1,"Y",1,0,0,51.11186916,9.60619953515716,16.9036401098901
"BRISBANE","2003_A/Moscow/10/99-like",2003,"H3","A/Moscow/10/99-like","N",NA,NA,NA,NA,NA,0,0,"N",NA,NA,NA,51.11186916,NA,NA
"BRISBANE","2004_A/California/7/2004-like",2004,"H3","A/California/7/2004-like","Y",17,23,159,87.19514603,0.919075145,1,1,"Y",1,0,0,51.11186916,11.7634883026247,19.4816326530612
"BRISBANE","2004_A/New Caledonia/20/99-like",2004,"H1sea","A/New Caledonia/20/99-like","N",NA,NA,NA,NA,NA,0,0,"N",NA,NA,NA,51.11186916,NA,NA
"BRISBANE","2004_B/Florida/4/2006-like",2004,"B/Yam","B/Florida/4/2006-like","N",NA,NA,NA,NA,NA,0,1,"N",NA,NA,NA,51.11186916,NA,NA
"BRISBANE","2004_B/Shanghai/361/2002-like",2004,"B/Yam","B/Shanghai/361/2002-like","Y",18,20,14,7.677560028,0.080924855,1,1,"N",0.088050314,1,0.075105452,51.11186916,10.9415346267498,18.2880952380952
"BRISBANE","2005_A/New Caledonia/20/99-like",2005,"H1sea","A/New Caledonia/20/99-like","Y",15,20,36,19.29043355,0.102272727,0,0,"N",0.163636364,3,0.555640117,51.11186916,10.0260833785604,16.8952380952381
"BRISBANE","2005_A/Wisconsin/67/2005-like",2005,"H3","A/Wisconsin/67/2005-like","Y",12,20,220,117.8859828,0.625,1,1,"Y",1,0,0,51.11186916,10.1306636301855,16.65
"BRISBANE","2005_B/Florida/4/2006-like",2005,"B/Yam","B/Florida/4/2006-like","N",NA,NA,NA,NA,NA,0,0,"N",NA,NA,NA,51.11186916,NA,NA
"BRISBANE","2005_B/Hong Kong/330/2001-like",2005,"B/Vic","B/Hong Kong/330/2001-like","Y",14,17,29,15.53951592,0.082386364,0,0,"N",0.131818182,2,0.314513274,51.11186916,8.76807746138843,15.2410714285714
"BRISBANE","2005_B/Malaysia/2506/2004-like",2005,"B/Vic","B/Malaysia/2506/2004-like","Y",17,20,27,14.46782516,0.076704545,1,1,"N",0.122727273,5,1.876595866,51.11186916,10.6811741994285,17.9017857142857
"BRISBANE","2005_B/Shanghai/361/2002-like",2005,"B/Yam","B/Shanghai/361/2002-like","Y",12,19,40,21.43381506,0.113636364,0,0,"N",0.181818182,0,0,51.11186916,9.62175053243894,16.0973214285714
"BRISBANE","2005_B/Wisconsin/1/2010-like",2005,"B/Yam","B/Wisconsin/1/2010-like","N",NA,NA,NA,NA,NA,0,1,"N",NA,NA,NA,51.11186916,NA,NA
"BRISBANE","2006_A/California/7/2004-like",2006,"H3","A/California/7/2004-like","N",NA,NA,NA,NA,NA,0,0,"N",NA,NA,NA,51.11186916,NA,NA
"BRISBANE","2006_A/Solomon Islands/3/2006-like",2006,"H1sea","A/Solomon Islands/3/2006-like","N",NA,NA,NA,NA,NA,0,1,"N",NA,NA,NA,51.11186916,NA,NA
"BRISBANE","2006_A/Wisconsin/67/2005-like",2006,"H3","A/Wisconsin/67/2005-like","Y",12,21,274,143.5859275,0.771830986,0,0,"Y",1,0,0,51.11186916,10.2011738225244,16.9971428571429
"BRISBANE","2006_B/Malaysia/2506/2004-like",2006,"B/Vic","B/Malaysia/2506/2004-like","Y",14,20,81,42.44693478,0.228169014,0,0,"N",0.295620438,2,0.071769115,51.11186916,10.0822081503119,16.8969387755102
"BRISBANE","2006_B/Shanghai/361/2002-like",2006,"B/Yam","B/Shanghai/361/2002-like","N",NA,NA,NA,NA,NA,0,0,"N",NA,NA,NA,51.11186916,NA,NA
"BRISBANE","2007_A/Brisbane/59/2007-like",2007,"H1sea","A/Brisbane/59/2007-like","N",NA,NA,NA,NA,NA,0,1,"N",NA,NA,NA,51.11186916,NA,NA
"BRISBANE","2007_A/New Caledonia/20/99-like",2007,"H1sea","A/New Caledonia/20/99-like","Y",13,16,18,9.188797631,0.056782334,0,0,"N",0.117647059,1,0.079901403,51.11186916,7.02656877076747,13.9928571428571
"BRISBANE","2007_A/Solomon Islands/3/2006-like",2007,"H1sea","A/Solomon Islands/3/2006-like","Y",12,20,153,78.10477986,0.482649842,1,0,"Y",1,0,0,51.11186916,9.23669309277285,16.1412698412698
"BRISBANE","2007_A/Wisconsin/67/2005-like",2007,"H3","A/Wisconsin/67/2005-like","Y",12,20,146,74.53135856,0.460567823,0,0,"N",0.954248366,0,0,51.11186916,9.23669309277285,16.1412698412698
"BRISBANE","2007_B/Florida/4/2006-like",2007,"B/Yam","B/Florida/4/2006-like","N",NA,NA,NA,NA,NA,0,0,"N",NA,NA,NA,51.11186916,NA,NA
"BRISBANE","2007_B/Malaysia/2506/2004-like",2007,"B/Vic","B/Malaysia/2506/2004-like","N",NA,NA,NA,NA,NA,0,0,"N",NA,NA,NA,51.11186916,NA,NA
"BRISBANE","2008_A/Brisbane/59/2007-like",2008,"H1sea","A/Brisbane/59/2007-like","Y",17,19,8,3.975740034,0.039800995,1,0,"N",0.086021505,4,1.098714035,51.11186916,10.1938858942658,17.1062271062271
"BRISBANE","2008_A/Wisconsin/67/2005-like",2008,"H3","A/Wisconsin/67/2005-like","Y",14,19,47,23.3574727,0.233830846,0,0,"N",0.505376344,1,0.019446266,51.11186916,9.17605270503973,15.7364468864469
"BRISBANE","2008_B/Brisbane/60/2008-like",2008,"B/Vic","B/Brisbane/60/2008-like","Y",15,19,53,26.33927773,0.263681592,1,1,"N",0.569892473,2,0.175016395,51.11186916,9.15735683520063,15.8623076923077
"BRISBANE","2008_B/Florida/4/2006-like",2008,"B/Yam","B/Florida/4/2006-like","Y",13,18,93,46.2179779,0.462686567,1,0,"Y",1,0,0,51.11186916,8.6736054242778,15.0304945054945
"BRISBANE","2008_B/Malaysia/2506/2004-like",2008,"B/Vic","B/Malaysia/2506/2004-like","N",NA,NA,NA,NA,NA,0,0,"N",NA,NA,NA,51.11186916,NA,NA
"BRISBANE","2009_A/Brisbane/59/2007-like",2009,"H1sea","A/Brisbane/59/2007-like","N",NA,NA,NA,NA,NA,0,0,"N",NA,NA,NA,51.11186916,NA,NA
"BRISBANE","2009_A/California/7/2009-like",2009,"H1pdm09","A/California/7/2009-like","Y",11,15,30,14.50341048,0.909090909,NA,1,"Y",1,0,0,51.11186916,9.64795540315872,15.3885714285714
"BRISBANE","2009_A/New Caledonia/20/99-like",2009,"H1sea","A/New Caledonia/20/99-like","N",NA,NA,NA,NA,NA,0,0,"N",NA,NA,NA,51.11186916,NA,NA
"BRISBANE","2009_A/Perth/16/2009-like",2009,"H3","A/Perth/16/2009-like","Y",14,14,3,1.450341048,0.090909091,1,1,"N",0.1,3,0.208089325,51.11186916,7.81688766567657,14.2214285714286
"BRISBANE","2009_A/Wisconsin/67/2005-like",2009,"H3","A/Wisconsin/67/2005-like","N",NA,NA,NA,NA,NA,0,0,"N",NA,NA,NA,51.11186916,NA,NA
"BRISBANE","2009_B/Brisbane/60/2008-like",2009,"B/Vic","B/Brisbane/60/2008-like","N",NA,NA,NA,NA,NA,0,0,"N",NA,NA,NA,51.11186916,NA,NA
"BRISBANE","2010_A/California/7/2009-like",2010,"H1pdm09","A/California/7/2009-like","Y",13,21,230,109.0901502,0.845588235,0,0,"Y",1,0,0,51.11186916,10.3497927611529,16.9444444444444
"BRISBANE","2010_A/Perth/16/2009-like",2010,"H3","A/Perth/16/2009-like","Y",16,21,42,19.92081004,0.154411765,0,0,"N",0.182608696,3,0.334070742,51.11186916,10.7785295123989,17.797619047619
"BRISBANE","2010_B/Brisbane/60/2008-like",2010,"B/Vic","B/Brisbane/60/2008-like","N",17,NA,NA,NA,NA,0,0,"N",NA,4,NA,51.11186916,NA,NA
"BRISBANE","2011_A/California/7/2009-like",2011,"H1pdm09","A/California/7/2009-like","Y",11,17,112,52.15522139,0.516129032,0,0,"Y",1,0,0,51.11186916,8.57470665978979,14.9989795918367
"BRISBANE","2011_A/Perth/16/2009-like",2011,"H3","A/Perth/16/2009-like","N",13,NA,NA,NA,NA,0,0,"N",NA,2,NA,51.11186916,NA,NA
"BRISBANE","2011_B/Brisbane/60/2008-like",2011,"B/Vic","B/Brisbane/60/2008-like","Y",11,22,105,48.89552005,0.483870968,0,0,"N",0.9375,0,0,51.11186916,9.67129546792139,16.5779761904762
"BRISBANE","2011_B/Florida/4/2006-like",2011,"B/Yam","B/Florida/4/2006-like","N",NA,NA,NA,NA,NA,0,0,"N",NA,NA,NA,51.11186916,NA,NA
"BRISBANE","2012_A/California/7/2009-like",2012,"H1pdm09","A/California/7/2009-like","N",NA,NA,NA,NA,NA,0,0,"N",NA,NA,NA,51.11186916,NA,NA
"BRISBANE","2012_A/Perth/16/2009-like",2012,"H3","A/Perth/16/2009-like","N",NA,NA,NA,NA,NA,0,0,"N",NA,NA,NA,51.11186916,NA,NA
"BRISBANE","2012_A/Victoria/361/2011-like",2012,"H3","A/Victoria/361/2011-like","Y",11,19,151,68.76097728,0.699074074,1,1,"Y",1,0,0,51.11186916,9.22992418555095,15.868253968254
"BRISBANE","2012_B/Brisbane/60/2008-like",2012,"B/Vic","B/Brisbane/60/2008-like","Y",18,22,65,29.59909618,0.300925926,0,0,"N",0.430463576,7,1.078024672,51.11186916,10.9038178849274,19.3185714285714
"BRISBANE","2012_B/Wisconsin/1/2010-like",2012,"B/Yam","B/Wisconsin/1/2010-like","N",NA,NA,NA,NA,NA,0,0,"N",NA,NA,NA,51.11186916,NA,NA
"BRISBANE","2013_A/California/7/2009-like",2013,"H1pdm09","A/California/7/2009-like","Y",14,19,105,46.85243135,0.486111111,0,0,"N",0.945945946,0,0,51.11186916,10.2331421203886,17.2571428571429
"BRISBANE","2013_A/Victoria/361/2011-like",2013,"H3","A/Victoria/361/2011-like","N",15,NA,NA,NA,NA,0,0,"N",NA,1,NA,51.11186916,NA,NA
"BRISBANE","2013_B/Brisbane/60/2008-like",2013,"B/Vic","B/Brisbane/60/2008-like","N",NA,NA,NA,NA,NA,0,0,"N",NA,NA,NA,51.11186916,NA,NA
"BRISBANE","2013_B/Massachusetts/2/2012-like",2013,"B/Yam","B/Massachusetts/2/2012-like","Y",14,24,111,49.52971314,0.513888889,1,1,"Y",1,0,0,51.11186916,11.5323638989601,19.374025974026
"BRISBANE","2014_A/California/7/2009-like",2014,"H1pdm09","A/California/7/2009-like","N",NA,NA,NA,NA,NA,0,0,"N",NA,NA,NA,51.11186916,NA,NA
"BRISBANE","2014_A/Switzerland/9715293/2013-like",2014,"H3","A/Switzerland/9715293/2013-like","N",24,NA,NA,NA,NA,0,1,"N",NA,11,NA,51.11186916,NA,NA
"BRISBANE","2014_A/Victoria/361/2011-like",2014,"H3","A/Victoria/361/2011-like","Y",13,23,62,27.17511601,1,0,0,"Y",1,0,0,51.11186916,10.2338502337782,18.1207792207792
"BRISBANE","2014_B/Brisbane/60/2008-like",2014,"B/Vic","B/Brisbane/60/2008-like","N",NA,NA,NA,NA,NA,0,0,"N",NA,NA,NA,51.11186916,NA,NA
"BRISBANE","2014_B/Massachusetts/2/2012-like",2014,"B/Yam","B/Massachusetts/2/2012-like","N",NA,NA,NA,NA,NA,0,0,"N",NA,NA,NA,51.11186916,NA,NA
"BRISBANE","2014_B/Phuket/3073/2013-like",2014,"B/Yam","B/Phuket/3073/2013-like","N",NA,NA,NA,NA,NA,0,1,"N",NA,NA,NA,51.11186916,NA,NA
"BRISBANE","2015_A/California/7/2009-like",2015,"H1pdm09","A/California/7/2009-like","N",NA,NA,NA,NA,NA,0,0,"N",NA,NA,NA,51.11186916,NA,NA
"BRISBANE","2015_A/Switzerland/9715293/2013-like",2015,"H3","A/Switzerland/9715293/2013-like","N",NA,NA,NA,NA,NA,0,0,"N",NA,NA,NA,51.11186916,NA,NA
"BRISBANE","2015_B/Brisbane/60/2008-like",2015,"B/Vic","B/Brisbane/60/2008-like","Y",12,17,101,43.56262947,0.523316062,0,0,"N",1.097826087,4,0.354421647,51.11186916,9.66912047905149,15.6428571428571
"BRISBANE","2015_B/Phuket/3073/2013-like",2015,"B/Yam","B/Phuket/3073/2013-like","Y",8,15,92,39.68081101,0.476683938,1,0,"Y",1,0,0,51.11186916,10.5359387890987,17.1017857142857
"MELBOURNE","2000_A/Moscow/10/99-like",2000,"H3","A/Moscow/10/99-like","Y",13,22,106,30.72395196,0.630952381,NA,NA,"Y",1,0,0,27.85004138,7.44699945605829,11.0142857142857
"MELBOURNE","2000_A/New Caledonia/20/99-like",2000,"H1sea","A/New Caledonia/20/99-like","Y",17,19,15,4.347729051,0.089285714,NA,NA,"N",0.141509434,4,0.312224243,27.85004138,7.00434863482427,10.5809523809524
"MELBOURNE","2000_B/Sichuan/379/99-like",2000,"B/Yam","B/Sichuan/379/99-like","Y",16,21,47,13.62288436,0.279761905,NA,NA,"N",0.443396226,3,0.176927071,27.85004138,7.2788315810181,11.2511904761905
"MELBOURNE","2001_A/Moscow/10/99-like",2001,"H3","A/Moscow/10/99-like","N",NA,NA,NA,NA,NA,0,0,"N",NA,NA,NA,27.85004138,NA,NA
"MELBOURNE","2001_A/New Caledonia/20/99-like",2001,"H1sea","A/New Caledonia/20/99-like","Y",15,20,42,11.99914635,1,0,0,"Y",1,0,0,27.85004138,7.34661503225303,11.1964285714286
"MELBOURNE","2001_B/Sichuan/379/99-like",2001,"B/Yam","B/Sichuan/379/99-like","N",NA,NA,NA,NA,NA,0,0,"N",NA,NA,NA,27.85004138,NA,NA
"MELBOURNE","2002_A/Moscow/10/99-like",2002,"H3","A/Moscow/10/99-like","Y",11,20,265,74.74096614,0.857605178,0,0,"N",6.022727273,1,0.020254288,27.85004138,6.51371433041732,10.7627875457875
"MELBOURNE","2002_B/Hong Kong/330/2001-like",2002,"B/Vic","B/Hong Kong/330/2001-like","Y",10,16,44,12.40982079,0.142394822,1,1,"Y",1,0,0,27.85004138,6.88809467441938,10.6348299319728
"MELBOURNE","2002_B/Sichuan/379/99-like",2002,"B/Yam","B/Sichuan/379/99-like","N",NA,NA,NA,NA,NA,0,0,"N",NA,NA,NA,27.85004138,NA,NA
"MELBOURNE","2003_A/Fujian/411/2002-like",2003,"H3","A/Fujian/411/2002-like","Y",14,20,202,56.20430096,1,1,1,"Y",1,0,0,27.85004138,6.69570150413121,9.77708006279435
"MELBOURNE","2003_A/Moscow/10/99-like",2003,"H3","A/Moscow/10/99-like","N",NA,NA,NA,NA,NA,0,0,"N",NA,NA,NA,27.85004138,NA,NA
"MELBOURNE","2003_B/Sichuan/379/99-like",2003,"B/Yam","B/Sichuan/379/99-like","N",NA,NA,NA,NA,NA,0,0,"N",NA,NA,NA,27.85004138,NA,NA
"MELBOURNE","2004_A/California/7/2004-like",2004,"H3","A/California/7/2004-like","Y",16,21,31,8.51192122,0.596153846,1,1,"Y",1,0,0,27.85004138,7.28590892119905,11.5511904761905
"MELBOURNE","2004_B/Shanghai/361/2002-like",2004,"B/Yam","B/Shanghai/361/2002-like","Y",18,20,21,5.766140181,0.403846154,1,1,"N",0.677419355,2,0.059154979,27.85004138,7.7100549897593,11.8071428571429
"MELBOURNE","2005_A/New Caledonia/20/99-like",2005,"H1sea","A/New Caledonia/20/99-like","Y",12,19,99,26.77577479,0.492537313,0,0,"N",0.970588235,1,0.019422763,27.85004138,7.13692637650485,10.625
"MELBOURNE","2005_A/Wisconsin/67/2005-like",2005,"H3","A/Wisconsin/67/2005-like","Y",11,17,102,27.58716191,0.507462687,1,1,"Y",1,0,0,27.85004138,7.08299155104416,10.4051020408163
"MELBOURNE","2005_B/Florida/4/2006-like",2005,"B/Yam","B/Florida/4/2006-like","N",NA,NA,NA,NA,NA,0,1,"N",NA,NA,NA,27.85004138,NA,NA
"MELBOURNE","2005_B/Hong Kong/330/2001-like",2005,"B/Vic","B/Hong Kong/330/2001-like","N",12,NA,NA,NA,NA,0,0,"N",NA,1,NA,27.85004138,NA,NA
"MELBOURNE","2005_B/Malaysia/2506/2004-like",2005,"B/Vic","B/Malaysia/2506/2004-like","N",NA,NA,NA,NA,NA,0,1,"N",NA,NA,NA,27.85004138,NA,NA
"MELBOURNE","2005_B/Shanghai/361/2002-like",2005,"B/Yam","B/Shanghai/361/2002-like","N",NA,NA,NA,NA,NA,0,0,"N",NA,NA,NA,27.85004138,NA,NA
"MELBOURNE","2006_A/New Caledonia/20/99-like",2006,"H1sea","A/New Caledonia/20/99-like","N",NA,NA,NA,NA,NA,0,0,"N",NA,NA,NA,27.85004138,NA,NA
"MELBOURNE","2006_A/Wisconsin/67/2005-like",2006,"H3","A/Wisconsin/67/2005-like","Y",11,18,82,21.80410343,0.706896552,0,0,"Y",1,0,0,27.85004138,6.87528962361195,9.58482142857143
"MELBOURNE","2006_B/Malaysia/2506/2004-like",2006,"B/Vic","B/Malaysia/2506/2004-like","Y",11,13,34,9.040725811,0.293103448,1,0,"N",0.414634146,0,0,27.85004138,6.88581368404257,8.68809523809524
"MELBOURNE","2007_A/New Caledonia/20/99-like",2007,"H1sea","A/New Caledonia/20/99-like","N",NA,NA,NA,NA,NA,0,0,"N",NA,NA,NA,27.85004138,NA,NA
"MELBOURNE","2007_A/Solomon Islands/3/2006-like",2007,"H1sea","A/Solomon Islands/3/2006-like","Y",14,18,77,20.04289701,0.336244541,1,1,"N",0.636363636,0,0,27.85004138,6.64542839747391,10.0224175824176
"MELBOURNE","2007_A/Wisconsin/67/2005-like",2007,"H3","A/Wisconsin/67/2005-like","Y",14,20,121,31.49598101,0.528384279,0,0,"Y",1,0,0,27.85004138,6.52263192473161,10.7598901098901
"MELBOURNE","2007_B/Florida/4/2006-like",2007,"B/Yam","B/Florida/4/2006-like","Y",15,22,31,8.069218275,0.135371179,1,0,"N",0.256198347,1,0.065424734,27.85004138,6.56092749153533,12.1559752747253
"MELBOURNE","2007_B/Malaysia/2506/2004-like",2007,"B/Vic","B/Malaysia/2506/2004-like","N",NA,NA,NA,NA,NA,0,0,"N",NA,NA,NA,27.85004138,NA,NA
"MELBOURNE","2008_A/Brisbane/59/2007-like",2008,"H1sea","A/Brisbane/59/2007-like","N",NA,NA,NA,NA,NA,0,1,"N",NA,NA,NA,27.85004138,NA,NA
"MELBOURNE","2008_A/Wisconsin/67/2005-like",2008,"H3","A/Wisconsin/67/2005-like","Y",17,23,20,5.087197102,0.666666667,0,0,"Y",1,0,0,27.85004138,6.44599590779901,13.2070643642072
"MELBOURNE","2008_B/Brisbane/60/2008-like",2008,"B/Vic","B/Brisbane/60/2008-like","Y",17,18,10,2.543598551,0.333333333,1,1,"N",0.5,0,0,27.85004138,6.58049534602449,9.38186813186815
"MELBOURNE","2008_B/Florida/4/2006-like",2008,"B/Yam","B/Florida/4/2006-like","N",NA,NA,NA,NA,NA,0,0,"N",NA,NA,NA,27.85004138,NA,NA
"MELBOURNE","2009_A/Brisbane/59/2007-like",2009,"H1sea","A/Brisbane/59/2007-like","N",NA,NA,NA,NA,NA,0,0,"N",NA,NA,NA,27.85004138,NA,NA
"MELBOURNE","2009_A/California/7/2009-like",2009,"H1pdm09","A/California/7/2009-like","Y",10,17,85,21.08246294,0.825242718,NA,1,"Y",1,0,0,27.85004138,7.05292882726754,10.6455357142857
"MELBOURNE","2009_A/Perth/16/2009-like",2009,"H3","A/Perth/16/2009-like","Y",11,14,18,4.464521563,0.174757282,1,1,"N",0.211764706,1,0.026717624,27.85004138,7.25362607113592,10.1875
"MELBOURNE","2009_A/Wisconsin/67/2005-like",2009,"H3","A/Wisconsin/67/2005-like","N",NA,NA,NA,NA,NA,0,0,"N",NA,NA,NA,27.85004138,NA,NA
"MELBOURNE","2010_A/California/7/2009-like",2010,"H1pdm09","A/California/7/2009-like","Y",14,22,227,55.28687434,1,0,0,"Y",1,0,0,27.85004138,7.2627508649929,10.7126984126984
"MELBOURNE","2010_A/Perth/16/2009-like",2010,"H3","A/Perth/16/2009-like","N",NA,NA,NA,NA,NA,0,0,"N",NA,NA,NA,27.85004138,NA,NA
"MELBOURNE","2010_B/Brisbane/60/2008-like",2010,"B/Vic","B/Brisbane/60/2008-like","N",NA,NA,NA,NA,NA,0,0,"N",NA,NA,NA,27.85004138,NA,NA
"MELBOURNE","2011_A/California/7/2009-like",2011,"H1pdm09","A/California/7/2009-like","Y",14,19,65,15.58990024,0.207006369,0,0,"N",0.511811024,3,0.07750802,27.85004138,6.88866492856897,10.8107142857143
"MELBOURNE","2011_A/Perth/16/2009-like",2011,"H3","A/Perth/16/2009-like","Y",15,23,122,29.26104353,0.388535032,0,0,"N",0.960629921,4,0.284196074,27.85004138,7.7366081022733,12.8626984126984
"MELBOURNE","2011_A/Victoria/361/2011-like",2011,"H3","A/Victoria/361/2011-like","N",NA,NA,NA,NA,NA,0,1,"N",NA,NA,NA,27.85004138,NA,NA
"MELBOURNE","2011_B/Brisbane/60/2008-like",2011,"B/Vic","B/Brisbane/60/2008-like","Y",11,21,127,30.46026662,0.404458599,0,0,"Y",1,0,0,27.85004138,7.18517230785326,11.137012987013
"MELBOURNE","2011_B/Florida/4/2006-like",2011,"B/Yam","B/Florida/4/2006-like","N",NA,NA,NA,NA,NA,0,0,"N",NA,NA,NA,27.85004138,NA,NA
"MELBOURNE","2012_A/California/7/2009-like",2012,"H1pdm09","A/California/7/2009-like","Y",11,17,27,6.324910661,0.054,0,0,"N",0.062211982,2,0.07570199,27.85004138,7.01169222889625,9.68163265306123
"MELBOURNE","2012_A/Victoria/361/2011-like",2012,"H3","A/Victoria/361/2011-like","Y",9,20,434,101.6670825,0.868,1,0,"Y",1,0,0,27.85004138,7.08269410701523,10.6869047619048
"MELBOURNE","2012_B/Brisbane/60/2008-like",2012,"B/Vic","B/Brisbane/60/2008-like","Y",17,21,39,9.135982065,0.078,0,0,"N",0.089861751,8,3.086958925,27.85004138,6.87246486499708,11.7
"MELBOURNE","2012_B/Wisconsin/1/2010-like",2012,"B/Yam","B/Wisconsin/1/2010-like","N",NA,NA,NA,NA,NA,0,1,"N",NA,NA,NA,27.85004138,NA,NA
"MELBOURNE","2013_A/California/7/2009-like",2013,"H1pdm09","A/California/7/2009-like","Y",13,23,151,34.51490895,0.418282548,0,0,"N",0.719047619,3,0.123110529,27.85004138,7.30293676238836,12.1175324675325
"MELBOURNE","2013_B/Brisbane/60/2008-like",2013,"B/Vic","B/Brisbane/60/2008-like","N",NA,NA,NA,NA,NA,0,0,"N",NA,NA,NA,27.85004138,NA,NA
"MELBOURNE","2013_B/Massachusetts/2/2012-like",2013,"B/Yam","B/Massachusetts/2/2012-like","Y",10,22,210,48.00086676,0.581717452,1,1,"Y",1,0,0,27.85004138,7.35556644798387,11.8769230769231
"MELBOURNE","2014_A/California/7/2009-like",2014,"H1pdm09","A/California/7/2009-like","Y",9,22,383,85.39323137,0.728136882,0,0,"Y",1,0,0,27.85004138,7.54441861870916,12.0709183673469
"MELBOURNE","2014_A/Switzerland/9715293/2013-like",2014,"H3","A/Switzerland/9715293/2013-like","N",NA,NA,NA,NA,NA,0,1,"N",NA,NA,NA,27.85004138,NA,NA
"MELBOURNE","2014_A/Victoria/361/2011-like",2014,"H3","A/Victoria/361/2011-like","Y",14,22,143,31.8831125,0.271863118,0,0,"N",0.373368146,5,0.384273173,27.85004138,7.20821597821303,11.8555555555555
"MELBOURNE","2014_B/Brisbane/60/2008-like",2014,"B/Vic","B/Brisbane/60/2008-like","N",NA,NA,NA,NA,NA,0,0,"N",NA,NA,NA,27.85004138,NA,NA
"MELBOURNE","2014_B/Massachusetts/2/2012-like",2014,"B/Yam","B/Massachusetts/2/2012-like","N",NA,NA,NA,NA,NA,0,0,"N",NA,NA,NA,27.85004138,NA,NA
"MELBOURNE","2014_B/Phuket/3073/2013-like",2014,"B/Yam","B/Phuket/3073/2013-like","N",NA,NA,NA,NA,NA,0,1,"N",NA,NA,NA,27.85004138,NA,NA
"MELBOURNE","2015_A/California/7/2009-like",2015,"H1pdm09","A/California/7/2009-like","N",NA,NA,NA,NA,NA,0,0,"N",NA,NA,NA,27.85004138,NA,NA
"MELBOURNE","2015_A/Switzerland/9715293/2013-like",2015,"H3","A/Switzerland/9715293/2013-like","Y",14,20,93,20.22116739,0.196202532,1,0,"N",0.528409091,6,0.265446099,27.85004138,6.63585911978303,10.634693877551
"MELBOURNE","2015_B/Brisbane/60/2008-like",2015,"B/Vic","B/Brisbane/60/2008-like","Y",12,20,205,44.57354102,0.432489451,0,0,"N",1.164772727,4,0.101494097,27.85004138,6.75091339033949,10.5007936507936
"MELBOURNE","2015_B/Phuket/3073/2013-like",2015,"B/Yam","B/Phuket/3073/2013-like","Y",8,20,176,38.2680157,0.371308017,1,0,"Y",1,0,0,27.85004138,7.09374783857809,11.0714285714286
"PERTH","2000_A/Moscow/10/99-like",2000,"H3","A/Moscow/10/99-like","Y",16,22,57,39.80127294,0.640449438,NA,NA,"Y",1,0,0,41.86770981,8.40788186368371,14.6938775510204
"PERTH","2000_A/New Caledonia/20/99-like",2000,"H1sea","A/New Caledonia/20/99-like","Y",17,20,32,22.34457428,0.359550562,NA,NA,"N",0.561403509,1,0.050033877,41.86770981,8.87334336170063,14.3875
"PERTH","2000_B/Sichuan/379/99-like",2000,"B/Yam","B/Sichuan/379/99-like","N",NA,NA,NA,NA,NA,NA,NA,"N",NA,NA,NA,41.86770981,NA,NA
"PERTH","2001_A/Moscow/10/99-like",2001,"H3","A/Moscow/10/99-like","Y",19,20,10,6.871147434,0.096153846,0,0,"N",0.126582278,5,1.181632856,41.86770981,8.62350735663973,15.0285714285714
"PERTH","2001_A/New Caledonia/20/99-like",2001,"H1sea","A/New Caledonia/20/99-like","Y",14,20,79,54.28206472,0.759615385,0,0,"Y",1,0,0,41.86770981,8.11236303645233,13.0091836734694
"PERTH","2001_B/Sichuan/379/99-like",2001,"B/Yam","B/Sichuan/379/99-like","Y",19,21,15,10.30672115,0.144230769,1,0,"N",0.189873418,5,1.181632856,41.86770981,8.47372826988716,15.0523809523809
"PERTH","2002_A/Moscow/10/99-like",2002,"H3","A/Moscow/10/99-like","Y",11,22,123,83.41607123,0.891304348,0,0,"Y",1,0,0,41.86770981,8.77293127220187,14.2190018315018
"PERTH","2002_B/Hong Kong/330/2001-like",2002,"B/Vic","B/Hong Kong/330/2001-like","Y",18,20,15,10.17269161,0.108695652,1,1,"N",0.12195122,7,1.214861245,41.86770981,8.07930336327602,13.842673992674
"PERTH","2002_B/Sichuan/379/99-like",2002,"B/Yam","B/Sichuan/379/99-like","N",NA,NA,NA,NA,NA,0,0,"N",NA,NA,NA,41.86770981,NA,NA
"PERTH","2003_A/Fujian/411/2002-like",2003,"H3","A/Fujian/411/2002-like","Y",15,20,176,117.6458006,1,1,1,"Y",1,0,0,41.86770981,8.19395605138319,13.18836996337
"PERTH","2003_A/Moscow/10/99-like",2003,"H3","A/Moscow/10/99-like","N",NA,NA,NA,NA,NA,0,0,"N",NA,NA,NA,41.86770981,NA,NA
"PERTH","2003_B/Hong Kong/330/2001-like",2003,"B/Vic","B/Hong Kong/330/2001-like","N",NA,NA,NA,NA,NA,0,0,"N",NA,NA,NA,41.86770981,NA,NA
"PERTH","2003_B/Sichuan/379/99-like",2003,"B/Yam","B/Sichuan/379/99-like","N",NA,NA,NA,NA,NA,0,0,"N",NA,NA,NA,41.86770981,NA,NA
"PERTH","2004_A/California/7/2004-like",2004,"H3","A/California/7/2004-like","Y",19,21,16,10.52470939,0.533333333,1,1,"N",1.142857143,1,0.04713377,41.86770981,8.38774522876084,14.5142857142857
"PERTH","2004_B/Hong Kong/330/2001-like",2004,"B/Vic","B/Hong Kong/330/2001-like","Y",18,22,14,9.209120713,0.466666667,0,0,"Y",1,0,0,41.86770981,8.22438972480505,14.8257142857143
"PERTH","2004_B/Shanghai/361/2002-like",2004,"B/Yam","B/Shanghai/361/2002-like","N",NA,NA,NA,NA,NA,0,1,"N",NA,NA,NA,41.86770981,NA,NA
"PERTH","2005_A/New Caledonia/20/99-like",2005,"H1sea","A/New Caledonia/20/99-like","Y",13,17,28,18.12324714,0.239316239,0,0,"N",0.314606742,1,0.046378856,41.86770981,7.92167538767596,12.3257142857143
"PERTH","2005_A/Wisconsin/67/2005-like",2005,"H3","A/Wisconsin/67/2005-like","Y",12,18,89,57.60603556,0.760683761,1,1,"Y",1,0,0,41.86770981,8.15564608490988,12.5255102040816
"PERTH","2005_B/Hong Kong/330/2001-like",2005,"B/Vic","B/Hong Kong/330/2001-like","N",NA,NA,NA,NA,NA,0,0,"N",NA,NA,NA,41.86770981,NA,NA
"PERTH","2005_B/Malaysia/2506/2004-like",2005,"B/Vic","B/Malaysia/2506/2004-like","N",NA,NA,NA,NA,NA,0,1,"N",NA,NA,NA,41.86770981,NA,NA
"PERTH","2005_B/Shanghai/361/2002-like",2005,"B/Yam","B/Shanghai/361/2002-like","N",NA,NA,NA,NA,NA,0,0,"N",NA,NA,NA,41.86770981,NA,NA
"PERTH","2006_A/Wisconsin/67/2005-like",2006,"H3","A/Wisconsin/67/2005-like","Y",16,19,17,10.78056353,0.173469388,0,0,"N",0.209876543,4,0.499835705,41.86770981,8.94591346067456,14.5946428571429
"PERTH","2006_B/Malaysia/2506/2004-like",2006,"B/Vic","B/Malaysia/2506/2004-like","Y",12,19,81,51.36621447,0.826530612,1,0,"Y",1,0,0,41.86770981,8.05311625652878,13.4919642857143
"PERTH","2007_A/New Caledonia/20/99-like",2007,"H1sea","A/New Caledonia/20/99-like","N",NA,NA,NA,NA,NA,0,0,"N",NA,NA,NA,41.86770981,NA,NA
"PERTH","2007_A/Solomon Islands/3/2006-like",2007,"H1sea","A/Solomon Islands/3/2006-like","Y",15,19,18,11.05334035,0.124137931,1,1,"N",0.141732283,2,0.92402215,41.86770981,8.6579715679237,13.7838461538462
"PERTH","2007_A/Wisconsin/67/2005-like",2007,"H3","A/Wisconsin/67/2005-like","Y",13,19,127,77.98745692,0.875862069,0,0,"Y",1,0,0,41.86770981,8.4715372544575,13.8558084772371
"PERTH","2007_B/Florida/4/2006-like",2007,"B/Yam","B/Florida/4/2006-like","N",NA,NA,NA,NA,NA,0,1,"N",NA,NA,NA,41.86770981,NA,NA
"PERTH","2007_B/Malaysia/2506/2004-like",2007,"B/Vic","B/Malaysia/2506/2004-like","N",NA,NA,NA,NA,NA,0,0,"N",NA,NA,NA,41.86770981,NA,NA
"PERTH","2007_B/Wisconsin/1/2010-like",2007,"B/Yam","B/Wisconsin/1/2010-like","N",NA,NA,NA,NA,NA,0,1,"N",NA,NA,NA,41.86770981,NA,NA
"PERTH","2008_A/Brisbane/59/2007-like",2008,"H1sea","A/Brisbane/59/2007-like","Y",16,22,48,28.52287178,0.19123506,1,1,"N",0.685714286,2,0.127736589,41.86770981,8.00401903061947,14.906671899529
"PERTH","2008_A/Wisconsin/67/2005-like",2008,"H3","A/Wisconsin/67/2005-like","Y",19,22,30,17.82679486,0.119521912,0,0,"N",0.428571429,5,1.49026021,41.86770981,8.80881115078421,16.4517857142857
"PERTH","2008_B/Brisbane/60/2008-like",2008,"B/Vic","B/Brisbane/60/2008-like","Y",17,22,103,61.20532902,0.410358566,1,1,"N",1.471428571,3,0.156122498,41.86770981,8.1301053396737,15.3851648351648
"PERTH","2008_B/Florida/4/2006-like",2008,"B/Yam","B/Florida/4/2006-like","Y",14,20,70,41.59585468,0.278884462,1,0,"Y",1,0,0,41.86770981,7.74725820322355,13.1495290423862
"PERTH","2008_B/Malaysia/2506/2004-like",2008,"B/Vic","B/Malaysia/2506/2004-like","N",NA,NA,NA,NA,NA,0,0,"N",NA,NA,NA,41.86770981,NA,NA
"PERTH","2009_A/Brisbane/59/2007-like",2009,"H1sea","A/Brisbane/59/2007-like","Y",10,15,21,12.07353125,0.067961165,0,0,"N",0.362068966,2,0.082392382,41.86770981,8.04636504038079,13.8511904761905
"PERTH","2009_A/California/7/2009-like",2009,"H1pdm09","A/California/7/2009-like","Y",11,17,230,132.2339137,0.74433657,NA,1,"N",3.965517241,3,0.137320637,41.86770981,8.42694797568691,13.404081632653
"PERTH","2009_A/Perth/16/2009-like",2009,"H3","A/Perth/16/2009-like","Y",8,15,58,33.34594347,0.187702265,1,1,"Y",1,0,0,41.86770981,8.15893870642554,15.3633928571429
"PERTH","2009_A/Victoria/361/2011-like",2009,"H3","A/Victoria/361/2011-like","N",NA,NA,NA,NA,NA,0,1,"N",NA,NA,NA,41.86770981,NA,NA
"PERTH","2009_A/Wisconsin/67/2005-like",2009,"H3","A/Wisconsin/67/2005-like","N",NA,NA,NA,NA,NA,0,0,"N",NA,NA,NA,41.86770981,NA,NA
"PERTH","2009_B/Brisbane/60/2008-like",2009,"B/Vic","B/Brisbane/60/2008-like","N",NA,NA,NA,NA,NA,0,0,"N",NA,NA,NA,41.86770981,NA,NA
"PERTH","2009_B/Florida/4/2006-like",2009,"B/Yam","B/Florida/4/2006-like","N",NA,NA,NA,NA,NA,0,0,"N",NA,NA,NA,41.86770981,NA,NA
"PERTH","2010_A/California/7/2009-like",2010,"H1pdm09","A/California/7/2009-like","Y",13,21,161,90.39195298,0.58974359,0,0,"Y",1,0,0,41.86770981,7.09150643924095,13.381746031746
"PERTH","2010_A/Perth/16/2009-like",2010,"H3","A/Perth/16/2009-like","N",NA,NA,NA,NA,NA,0,0,"N",NA,NA,NA,41.86770981,NA,NA
"PERTH","2010_B/Brisbane/60/2008-like",2010,"B/Vic","B/Brisbane/60/2008-like","Y",16,22,112,62.8813586,0.41025641,0,0,"N",0.695652174,3,0.415706086,41.86770981,6.91255393056313,15.2142857142857
"PERTH","2010_B/Florida/4/2006-like",2010,"B/Yam","B/Florida/4/2006-like","N",NA,NA,NA,NA,NA,0,0,"N",NA,NA,NA,41.86770981,NA,NA
"PERTH","2010_B/Malaysia/2506/2004-like",2010,"B/Vic","B/Malaysia/2506/2004-like","N",NA,NA,NA,NA,NA,0,0,"N",NA,NA,NA,41.86770981,NA,NA
"PERTH","2011_A/California/7/2009-like",2011,"H1pdm09","A/California/7/2009-like","Y",13,21,163,88.89776049,0.639215686,0,0,"Y",1,0,0,41.86770981,8.67646856528857,14.5793650793651
"PERTH","2011_A/Perth/16/2009-like",2011,"H3","A/Perth/16/2009-like","Y",16,21,55,29.99617685,0.215686275,0,0,"N",0.337423313,3,0.286580537,41.86770981,8.5358222873828,15.15
"PERTH","2011_A/Victoria/361/2011-like",2011,"H3","A/Victoria/361/2011-like","N",NA,NA,NA,NA,NA,0,0,"N",NA,NA,NA,41.86770981,NA,NA
"PERTH","2011_B/Brisbane/60/2008-like",2011,"B/Vic","B/Brisbane/60/2008-like","Y",17,23,37,20.17924625,0.145098039,0,0,"N",0.226993865,4,0.872767998,41.86770981,8.97813338337452,16.3581632653061
"PERTH","2011_B/Florida/4/2006-like",2011,"B/Yam","B/Florida/4/2006-like","N",NA,NA,NA,NA,NA,0,0,"N",NA,NA,NA,41.86770981,NA,NA
"PERTH","2011_B/Wisconsin/1/2010-like",2011,"B/Yam","B/Wisconsin/1/2010-like","N",NA,NA,NA,NA,NA,0,0,"N",NA,NA,NA,41.86770981,NA,NA
"PERTH","2012_A/California/7/2009-like",2012,"H1pdm09","A/California/7/2009-like","N",NA,NA,NA,NA,NA,0,0,"N",NA,NA,NA,41.86770981,NA,NA
"PERTH","2012_A/Victoria/361/2011-like",2012,"H3","A/Victoria/361/2011-like","Y",12,16,85,44.87842172,0.429292929,1,0,"N",0.752212389,0,0,41.86770981,7.79084892605856,12.9457142857143
"PERTH","2012_B/Brisbane/60/2008-like",2012,"B/Vic","B/Brisbane/60/2008-like","Y",12,15,113,59.66190181,0.570707071,0,0,"Y",1,0,0,41.86770981,7.71161391433843,12.7660714285714
"PERTH","2012_B/Wisconsin/1/2010-like",2012,"B/Yam","B/Wisconsin/1/2010-like","N",NA,NA,NA,NA,NA,0,0,"N",NA,NA,NA,41.86770981,NA,NA
"PERTH","2013_A/California/7/2009-like",2013,"H1pdm09","A/California/7/2009-like","Y",14,20,41,21.03927879,0.372727273,0,0,"N",0.594202899,1,0.012256537,41.86770981,8.87069736491747,14.1265306122449
"PERTH","2013_A/Victoria/361/2011-like",2013,"H3","A/Victoria/361/2011-like","Y",13,19,69,35.40756675,0.627272727,0,0,"Y",1,0,0,41.86770981,8.69978178551749,13.7591836734694
"PERTH","2013_B/Brisbane/60/2008-like",2013,"B/Vic","B/Brisbane/60/2008-like","N",NA,NA,NA,NA,NA,0,0,"N",NA,NA,NA,41.86770981,NA,NA
"PERTH","2013_B/Massachusetts/2/2012-like",2013,"B/Yam","B/Massachusetts/2/2012-like","N",NA,NA,NA,NA,NA,0,1,"N",NA,NA,NA,41.86770981,NA,NA
"PERTH","2014_A/California/7/2009-like",2014,"H1pdm09","A/California/7/2009-like","Y",13,20,126,63.68464174,1,0,0,"Y",1,0,0,41.86770981,8.62571459170399,14.6178571428571
"PERTH","2014_A/Switzerland/9715293/2013-like",2014,"H3","A/Switzerland/9715293/2013-like","N",NA,NA,NA,NA,NA,0,1,"N",NA,NA,NA,41.86770981,NA,NA
"PERTH","2014_A/Victoria/361/2011-like",2014,"H3","A/Victoria/361/2011-like","N",NA,NA,NA,NA,NA,0,0,"N",NA,NA,NA,41.86770981,NA,NA
"PERTH","2014_B/Brisbane/60/2008-like",2014,"B/Vic","B/Brisbane/60/2008-like","N",NA,NA,NA,NA,NA,0,0,"N",NA,NA,NA,41.86770981,NA,NA
"PERTH","2014_B/Massachusetts/2/2012-like",2014,"B/Yam","B/Massachusetts/2/2012-like","N",NA,NA,NA,NA,NA,0,0,"N",NA,NA,NA,41.86770981,NA,NA
"PERTH","2014_B/Phuket/3073/2013-like",2014,"B/Yam","B/Phuket/3073/2013-like","N",NA,NA,NA,NA,NA,0,1,"N",NA,NA,NA,41.86770981,NA,NA
"PERTH","2015_A/California/7/2009-like",2015,"H1pdm09","A/California/7/2009-like","N",NA,NA,NA,NA,NA,0,0,"N",NA,NA,NA,41.86770981,NA,NA
"PERTH","2015_A/Switzerland/9715293/2013-like",2015,"H3","A/Switzerland/9715293/2013-like","Y",15,16,14,6.992608812,0.097222222,1,0,"N",0.16091954,5,0.823153981,41.86770981,8.23053191481057,13.1178571428572
"PERTH","2015_B/Brisbane/60/2008-like",2015,"B/Vic","B/Brisbane/60/2008-like","Y",11,20,43,21.4772985,0.298611111,0,0,"N",0.494252874,1,0.083508375,41.86770981,8.22936540534296,14.4835714285714
"PERTH","2015_B/Phuket/3073/2013-like",2015,"B/Yam","B/Phuket/3073/2013-like","Y",10,17,87,43.45406905,0.604166667,1,0,"Y",1,0,0,41.86770981,8.36577488195591,14.1151785714286
"SYDNEY","2000_A/Moscow/10/99-like",2000,"H3","A/Moscow/10/99-like","Y",15,20,53,13.11319658,1,NA,NA,"Y",1,0,0,14.57773518,7.73558612520464,15.1285714285714
"SYDNEY","2000_A/New Caledonia/20/99-like",2000,"H1sea","A/New Caledonia/20/99-like","N",17,NA,NA,NA,NA,NA,NA,"N",NA,2,NA,14.57773518,NA,NA
"SYDNEY","2000_B/Sichuan/379/99-like",2000,"B/Yam","B/Sichuan/379/99-like","N",NA,NA,NA,NA,NA,NA,NA,"N",NA,NA,NA,14.57773518,NA,NA
"SYDNEY","2001_A/Moscow/10/99-like",2001,"H3","A/Moscow/10/99-like","N",NA,NA,NA,NA,NA,0,0,"N",NA,NA,NA,14.57773518,NA,NA
"SYDNEY","2001_A/New Caledonia/20/99-like",2001,"H1sea","A/New Caledonia/20/99-like","Y",11,16,38,9.262464108,1,1,0,"Y",1,0,0,14.57773518,8.17240885045172,13.4642857142857
"SYDNEY","2001_B/Sichuan/379/99-like",2001,"B/Yam","B/Sichuan/379/99-like","N",NA,NA,NA,NA,NA,0,0,"N",NA,NA,NA,14.57773518,NA,NA
"SYDNEY","2002_A/Moscow/10/99-like",2002,"H3","A/Moscow/10/99-like","Y",11,19,157,37.96271288,0.625498008,0,0,"N",1.670212766,1,0.064732979,14.57773518,7.57875652258434,13.8656288156288
"SYDNEY","2002_B/Hong Kong/330/2001-like",2002,"B/Vic","B/Hong Kong/330/2001-like","Y",10,15,94,22.72926758,0.374501992,1,1,"Y",1,0,0,14.57773518,7.66099310951342,13.430753968254
"SYDNEY","2002_B/Sichuan/379/99-like",2002,"B/Yam","B/Sichuan/379/99-like","N",NA,NA,NA,NA,NA,0,0,"N",NA,NA,NA,14.57773518,NA,NA
"SYDNEY","2003_A/Fujian/411/2002-like",2003,"H3","A/Fujian/411/2002-like","Y",14,18,37,8.888690295,1,1,1,"Y",1,0,0,14.57773518,7.20502700245104,13.3771428571428
"SYDNEY","2003_A/Moscow/10/99-like",2003,"H3","A/Moscow/10/99-like","N",NA,NA,NA,NA,NA,0,0,"N",NA,NA,NA,14.57773518,NA,NA
"SYDNEY","2003_A/New Caledonia/20/99-like",2003,"H1sea","A/New Caledonia/20/99-like","N",NA,NA,NA,NA,NA,0,0,"N",NA,NA,NA,14.57773518,NA,NA
"SYDNEY","2004_A/California/7/2004-like",2004,"H3","A/California/7/2004-like","Y",15,17,17,4.030763737,1,1,1,"Y",1,0,0,14.57773518,7.19903927414331,12.9619047619048
"SYDNEY","2004_A/New Caledonia/20/99-like",2004,"H1sea","A/New Caledonia/20/99-like","N",NA,NA,NA,NA,NA,0,0,"N",NA,NA,NA,14.57773518,NA,NA
"SYDNEY","2004_B/Florida/4/2006-like",2004,"B/Yam","B/Florida/4/2006-like","N",NA,NA,NA,NA,NA,0,1,"N",NA,NA,NA,14.57773518,NA,NA
"SYDNEY","2004_B/Shanghai/361/2002-like",2004,"B/Yam","B/Shanghai/361/2002-like","N",NA,NA,NA,NA,NA,0,1,"N",NA,NA,NA,14.57773518,NA,NA
"SYDNEY","2005_A/New Caledonia/20/99-like",2005,"H1sea","A/New Caledonia/20/99-like","Y",17,20,18,4.267867487,0.191489362,0,0,"N",0.268656716,4,0.603017662,14.57773518,8.48950826107221,15.9482142857143
"SYDNEY","2005_A/Wisconsin/67/2005-like",2005,"H3","A/Wisconsin/67/2005-like","Y",13,19,67,15.8859512,0.712765957,1,1,"Y",1,0,0,14.57773518,7.78484358782969,14.1183673469388
"SYDNEY","2005_B/Florida/4/2006-like",2005,"B/Yam","B/Florida/4/2006-like","N",NA,NA,NA,NA,NA,0,0,"N",NA,NA,NA,14.57773518,NA,NA
"SYDNEY","2005_B/Hong Kong/330/2001-like",2005,"B/Vic","B/Hong Kong/330/2001-like","N",NA,NA,NA,NA,NA,0,0,"N",NA,NA,NA,14.57773518,NA,NA
"SYDNEY","2005_B/Malaysia/2506/2004-like",2005,"B/Vic","B/Malaysia/2506/2004-like","N",17,NA,NA,NA,NA,0,1,"N",NA,4,NA,14.57773518,NA,NA
"SYDNEY","2005_B/Shanghai/361/2002-like",2005,"B/Yam","B/Shanghai/361/2002-like","Y",17,18,9,2.133933743,0.095744681,1,0,"N",0.134328358,4,0.603017662,14.57773518,8.03310750172277,14.6428571428571
"SYDNEY","2005_B/Wisconsin/1/2010-like",2005,"B/Yam","B/Wisconsin/1/2010-like","N",NA,NA,NA,NA,NA,0,1,"N",NA,NA,NA,14.57773518,NA,NA
"SYDNEY","2006_A/New Caledonia/20/99-like",2006,"H1sea","A/New Caledonia/20/99-like","N",NA,NA,NA,NA,NA,0,0,"N",NA,NA,NA,14.57773518,NA,NA
"SYDNEY","2006_A/Wisconsin/67/2005-like",2006,"H3","A/Wisconsin/67/2005-like","N",18,NA,NA,NA,NA,0,0,"N",NA,5,NA,14.57773518,NA,NA
"SYDNEY","2006_B/Malaysia/2506/2004-like",2006,"B/Vic","B/Malaysia/2506/2004-like","Y",13,17,18,4.229163323,1,1,0,"Y",1,0,0,14.57773518,7.89813365651535,13.12
"SYDNEY","2006_B/Shanghai/361/2002-like",2006,"B/Yam","B/Shanghai/361/2002-like","N",NA,NA,NA,NA,NA,0,0,"N",NA,NA,NA,14.57773518,NA,NA
"SYDNEY","2007_A/New Caledonia/20/99-like",2007,"H1sea","A/New Caledonia/20/99-like","N",NA,NA,NA,NA,NA,0,0,"N",NA,NA,NA,14.57773518,NA,NA
"SYDNEY","2007_A/Solomon Islands/3/2006-like",2007,"H1sea","A/Solomon Islands/3/2006-like","Y",13,20,89,20.57553707,0.361788618,1,1,"N",0.566878981,2,0.092836859,14.57773518,7.59012219927859,14.6354395604396
"SYDNEY","2007_A/Wisconsin/67/2005-like",2007,"H3","A/Wisconsin/67/2005-like","Y",11,18,157,36.29617214,0.638211382,0,0,"Y",1,0,0,14.57773518,7.74033690843102,13.6881181318681
"SYDNEY","2007_B/Florida/4/2006-like",2007,"B/Yam","B/Florida/4/2006-like","N",NA,NA,NA,NA,NA,0,0,"N",NA,NA,NA,14.57773518,NA,NA
"SYDNEY","2007_B/Malaysia/2506/2004-like",2007,"B/Vic","B/Malaysia/2506/2004-like","N",NA,NA,NA,NA,NA,0,0,"N",NA,NA,NA,14.57773518,NA,NA
"SYDNEY","2008_A/Brisbane/59/2007-like",2008,"H1sea","A/Brisbane/59/2007-like","Y",15,16,23,5.215937547,0.113300493,1,1,"N",0.247311828,3,0.227668958,14.57773518,6.55730279643385,11.7464285714285
"SYDNEY","2008_A/Solomon Islands/3/2006-like",2008,"H1sea","A/Solomon Islands/3/2006-like","N",NA,NA,NA,NA,NA,0,0,"N",NA,NA,NA,14.57773518,NA,NA
"SYDNEY","2008_A/Wisconsin/67/2005-like",2008,"H3","A/Wisconsin/67/2005-like","Y",15,19,27,6.12305712,0.133004926,0,0,"N",0.290322581,3,0.227668958,14.57773518,7.21866763266119,13.4171428571429
"SYDNEY","2008_B/Brisbane/60/2008-like",2008,"B/Vic","B/Brisbane/60/2008-like","Y",14,19,60,13.6067936,0.295566502,1,1,"N",0.64516129,2,0.091067583,14.57773518,7.18026916471483,13.3071428571429
"SYDNEY","2008_B/Florida/4/2006-like",2008,"B/Yam","B/Florida/4/2006-like","Y",12,20,93,21.09053008,0.458128079,1,0,"Y",1,0,0,14.57773518,7.90477582012858,14.1634920634921
"SYDNEY","2008_B/Malaysia/2506/2004-like",2008,"B/Vic","B/Malaysia/2506/2004-like","N",NA,NA,NA,NA,NA,0,0,"N",NA,NA,NA,14.57773518,NA,NA
"SYDNEY","2009_A/Brisbane/59/2007-like",2009,"H1sea","A/Brisbane/59/2007-like","N",NA,NA,NA,NA,NA,0,0,"N",NA,NA,NA,14.57773518,NA,NA
"SYDNEY","2009_A/California/7/2009-like",2009,"H1pdm09","A/California/7/2009-like","Y",12,16,40,8.903966272,0.634920635,NA,1,"Y",1,0,0,14.57773518,7.47601543976898,13.1557142857143
"SYDNEY","2009_A/Perth/16/2009-like",2009,"H3","A/Perth/16/2009-like","Y",12,16,23,5.119780606,0.365079365,1,1,"N",0.575,0,0,14.57773518,7.47601543976898,13.1557142857143
"SYDNEY","2009_A/Wisconsin/67/2005-like",2009,"H3","A/Wisconsin/67/2005-like","N",NA,NA,NA,NA,NA,0,0,"N",NA,NA,NA,14.57773518,NA,NA
"SYDNEY","2009_B/Brisbane/60/2008-like",2009,"B/Vic","B/Brisbane/60/2008-like","N",NA,NA,NA,NA,NA,0,0,"N",NA,NA,NA,14.57773518,NA,NA
"SYDNEY","2010_A/California/7/2009-like",2010,"H1pdm09","A/California/7/2009-like","Y",14,21,98,21.51238191,0.796747967,0,0,"Y",1,0,0,14.57773518,8.31058034374792,14.8214285714286
"SYDNEY","2010_A/Perth/16/2009-like",2010,"H3","A/Perth/16/2009-like","N",NA,NA,NA,NA,NA,0,0,"N",NA,NA,NA,14.57773518,NA,NA
"SYDNEY","2010_B/Brisbane/60/2008-like",2010,"B/Vic","B/Brisbane/60/2008-like","Y",18,21,25,5.487852529,0.203252033,0,0,"N",0.255102041,4,0.367291135,14.57773518,9.1237700017987,16.5803571428571
"SYDNEY","2011_A/California/7/2009-like",2011,"H1pdm09","A/California/7/2009-like","Y",12,18,95,20.61207447,0.620915033,0,0,"Y",1,0,0,14.57773518,7.75950849412752,13.6387755102041
"SYDNEY","2011_A/Perth/16/2009-like",2011,"H3","A/Perth/16/2009-like","N",NA,NA,NA,NA,NA,0,0,"N",NA,NA,NA,14.57773518,NA,NA
"SYDNEY","2011_B/Brisbane/60/2008-like",2011,"B/Vic","B/Brisbane/60/2008-like","Y",14,19,58,12.58421388,0.379084967,0,0,"N",0.610526316,2,0.508246219,14.57773518,7.87055085468867,14.4011904761905
"SYDNEY","2012_A/California/7/2009-like",2012,"H1pdm09","A/California/7/2009-like","N",NA,NA,NA,NA,NA,0,0,"N",NA,NA,NA,14.57773518,NA,NA
"SYDNEY","2012_A/Victoria/361/2011-like",2012,"H3","A/Victoria/361/2011-like","Y",8,18,189,40.38571995,1,1,1,"Y",1,0,0,14.57773518,8.17921395552104,14.5006493506493
"SYDNEY","2012_B/Brisbane/60/2008-like",2012,"B/Vic","B/Brisbane/60/2008-like","N",NA,NA,NA,NA,NA,0,0,"N",NA,NA,NA,14.57773518,NA,NA
"SYDNEY","2012_B/Wisconsin/1/2010-like",2012,"B/Yam","B/Wisconsin/1/2010-like","N",NA,NA,NA,NA,NA,0,0,"N",NA,NA,NA,14.57773518,NA,NA
"SYDNEY","2013_A/California/7/2009-like",2013,"H1pdm09","A/California/7/2009-like","Y",12,20,39,8.191761147,0.75,0,0,"Y",1,0,0,14.57773518,8.0129646554367,15.518253968254
"SYDNEY","2013_A/Victoria/361/2011-like",2013,"H3","A/Victoria/361/2011-like","Y",21,23,13,2.730587049,0.25,0,0,"N",0.333333333,9,0.548258401,14.57773518,9.67111324181393,19.7357142857143
"SYDNEY","2013_B/Brisbane/60/2008-like",2013,"B/Vic","B/Brisbane/60/2008-like","N",NA,NA,NA,NA,NA,0,0,"N",NA,NA,NA,14.57773518,NA,NA
"SYDNEY","2013_B/Massachusetts/2/2012-like",2013,"B/Yam","B/Massachusetts/2/2012-like","N",12,NA,NA,NA,NA,0,1,"N",NA,0,NA,14.57773518,NA,NA
"SYDNEY","2014_A/California/7/2009-like",2014,"H1pdm09","A/California/7/2009-like","Y",13,20,59,12.17126747,0.305699482,0,0,"N",0.440298507,3,0.207101416,14.57773518,7.75080340396397,14.5714285714286
"SYDNEY","2014_A/Switzerland/9715293/2013-like",2014,"H3","A/Switzerland/9715293/2013-like","N",NA,NA,NA,NA,NA,0,1,"N",NA,NA,NA,14.57773518,NA,NA
"SYDNEY","2014_A/Victoria/361/2011-like",2014,"H3","A/Victoria/361/2011-like","Y",10,19,134,27.64321765,0.694300518,0,0,"Y",1,0,0,14.57773518,8.1175745632845,14.63
"SYDNEY","2014_B/Brisbane/60/2008-like",2014,"B/Vic","B/Brisbane/60/2008-like","N",NA,NA,NA,NA,NA,0,0,"N",NA,NA,NA,14.57773518,NA,NA
"SYDNEY","2014_B/Massachusetts/2/2012-like",2014,"B/Yam","B/Massachusetts/2/2012-like","N",NA,NA,NA,NA,NA,0,0,"N",NA,NA,NA,14.57773518,NA,NA
"SYDNEY","2015_A/California/7/2009-like",2015,"H1pdm09","A/California/7/2009-like","Y",14,18,29,5.872776622,0.126086957,0,0,"N",0.337209302,3,0.433714036,14.57773518,7.11612876091765,13.2457142857143
"SYDNEY","2015_A/Switzerland/9715293/2013-like",2015,"H3","A/Switzerland/9715293/2013-like","N",NA,NA,NA,NA,NA,0,0,"N",NA,NA,NA,14.57773518,NA,NA
"SYDNEY","2015_B/Brisbane/60/2008-like",2015,"B/Vic","B/Brisbane/60/2008-like","Y",12,21,115,23.28859695,0.5,0,0,"N",1.337209302,1,0.081321382,14.57773518,8.36886385899263,15.0242857142857
"SYDNEY","2015_B/Phuket/3073/2013-like",2015,"B/Yam","B/Phuket/3073/2013-like","Y",11,21,86,17.41582033,0.373913043,1,1,"Y",1,0,0,14.57773518,8.34895978894221,14.887012987013
